{
    "score": 0.6820276497695853,
    "mse": 0.31797235023041476,
    "test_score": 0.5591397849462365,
    "test_mse": 0.44086021505376344,
    "test_score_7": 0.14285714285714285,
    "test_mse_7": 0.8571428571428571,
    "train_report": {
        "0.0": {
            "precision": 0.7096774193548387,
            "recall": 0.6111111111111112,
            "f1-score": 0.6567164179104478,
            "support": 108
        },
        "1.0": {
            "precision": 0.6612903225806451,
            "recall": 0.7522935779816514,
            "f1-score": 0.703862660944206,
            "support": 109
        },
        "accuracy": 0.6820276497695853,
        "macro avg": {
            "precision": 0.685483870967742,
            "recall": 0.6817023445463812,
            "f1-score": 0.680289539427327,
            "support": 217
        },
        "weighted avg": {
            "precision": 0.6853723799613499,
            "recall": 0.6820276497695853,
            "f1-score": 0.680398171323718,
            "support": 217
        }
    },
    "test_report": {
        "0.0": {
            "precision": 0.6086956521739131,
            "recall": 0.30434782608695654,
            "f1-score": 0.4057971014492754,
            "support": 46
        },
        "1.0": {
            "precision": 0.5428571428571428,
            "recall": 0.8085106382978723,
            "f1-score": 0.6495726495726495,
            "support": 47
        },
        "accuracy": 0.5591397849462365,
        "macro avg": {
            "precision": 0.5757763975155279,
            "recall": 0.5564292321924145,
            "f1-score": 0.5276848755109624,
            "support": 93
        },
        "weighted avg": {
            "precision": 0.5754224270353302,
            "recall": 0.5591397849462365,
            "f1-score": 0.5289954967374322,
            "support": 93
        }
    },
    "training_set": {
        "features": 63,
        "records": 217,
        "class_distribution": {
            "1.0": {
                "count": 109,
                "pct": 50.23041474654379
            },
            "0.0": {
                "count": 108,
                "pct": 49.76958525345622
            }
        },
        "y_true": [
            1.0,
            0.0,
            0.0,
            1.0,
            0.0,
            1.0,
            1.0,
            1.0,
            0.0,
            1.0,
            1.0,
            0.0,
            1.0,
            0.0,
            0.0,
            0.0,
            1.0,
            1.0,
            0.0,
            0.0,
            0.0,
            0.0,
            0.0,
            0.0,
            0.0,
            1.0,
            0.0,
            1.0,
            0.0,
            0.0,
            0.0,
            0.0,
            0.0,
            1.0,
            0.0,
            0.0,
            1.0,
            0.0,
            1.0,
            0.0,
            1.0,
            0.0,
            0.0,
            0.0,
            0.0,
            1.0,
            0.0,
            0.0,
            1.0,
            0.0,
            1.0,
            1.0,
            0.0,
            0.0,
            0.0,
            1.0,
            1.0,
            0.0,
            1.0,
            0.0,
            1.0,
            1.0,
            0.0,
            1.0,
            0.0,
            0.0,
            0.0,
            0.0,
            1.0,
            0.0,
            0.0,
            1.0,
            0.0,
            0.0,
            1.0,
            0.0,
            0.0,
            0.0,
            0.0,
            0.0,
            0.0,
            0.0,
            1.0,
            0.0,
            0.0,
            0.0,
            0.0,
            1.0,
            0.0,
            1.0,
            1.0,
            1.0,
            1.0,
            1.0,
            1.0,
            1.0,
            1.0,
            1.0,
            0.0,
            0.0,
            0.0,
            1.0,
            1.0,
            1.0,
            0.0,
            1.0,
            0.0,
            1.0,
            1.0,
            0.0,
            1.0,
            1.0,
            1.0,
            0.0,
            1.0,
            0.0,
            0.0,
            0.0,
            1.0,
            1.0,
            1.0,
            1.0,
            0.0,
            0.0,
            1.0,
            1.0,
            1.0,
            0.0,
            1.0,
            1.0,
            1.0,
            0.0,
            1.0,
            0.0,
            0.0,
            1.0,
            1.0,
            1.0,
            1.0,
            0.0,
            1.0,
            0.0,
            1.0,
            1.0,
            0.0,
            1.0,
            0.0,
            1.0,
            0.0,
            1.0,
            1.0,
            1.0,
            0.0,
            1.0,
            0.0,
            1.0,
            0.0,
            1.0,
            1.0,
            1.0,
            0.0,
            1.0,
            1.0,
            0.0,
            0.0,
            1.0,
            1.0,
            1.0,
            1.0,
            0.0,
            0.0,
            0.0,
            1.0,
            1.0,
            1.0,
            1.0,
            0.0,
            0.0,
            0.0,
            1.0,
            1.0,
            1.0,
            1.0,
            1.0,
            0.0,
            0.0,
            1.0,
            0.0,
            1.0,
            1.0,
            0.0,
            0.0,
            1.0,
            0.0,
            1.0,
            1.0,
            0.0,
            0.0,
            1.0,
            0.0,
            1.0,
            1.0,
            1.0,
            1.0,
            0.0,
            1.0,
            0.0,
            0.0,
            0.0,
            1.0,
            0.0,
            0.0,
            1.0,
            1.0,
            0.0,
            1.0,
            0.0
        ],