{
    "score": 0.9900332225913622,
    "mse": 0.009966777408637873,
    "test_score": 0.4461538461538462,
    "test_mse": 0.5538461538461539,
    "test_score_7": 0.2857142857142857,
    "test_mse_7": 0.7142857142857143,
    "train_report": {
        "0.0": {
            "precision": 1.0,
            "recall": 0.9806451612903225,
            "f1-score": 0.990228013029316,
            "support": 155
        },
        "1.0": {
            "precision": 0.9798657718120806,
            "recall": 1.0,
            "f1-score": 0.9898305084745762,
            "support": 146
        },
        "accuracy": 0.9900332225913622,
        "macro avg": {
            "precision": 0.9899328859060403,
            "recall": 0.9903225806451612,
            "f1-score": 0.9900292607519461,
            "support": 301
        },
        "weighted avg": {
            "precision": 0.9902338959620058,
            "recall": 0.9900332225913622,
            "f1-score": 0.99003520351107,
            "support": 301
        }
    },
    "test_report": {
        "0.0": {
            "precision": 0.42696629213483145,
            "recall": 0.6440677966101694,
            "f1-score": 0.5135135135135135,
            "support": 59
        },
        "1.0": {
            "precision": 0.4878048780487805,
            "recall": 0.28169014084507044,
            "f1-score": 0.3571428571428571,
            "support": 71
        },
        "accuracy": 0.4461538461538462,
        "macro avg": {
            "precision": 0.45738558509180594,
            "recall": 0.4628789687276199,
            "f1-score": 0.4353281853281853,
            "support": 130
        },
        "weighted avg": {
            "precision": 0.4601935198262959,
            "recall": 0.4461538461538462,
            "f1-score": 0.42811107811107807,
            "support": 130
        }
    },
    "training_set": {
        "features": 63,
        "records": 301,
        "class_distribution": {
            "0.0": {
                "count": 155,
                "pct": 51.49501661129568
            },
            "1.0": {
                "count": 146,
                "pct": 48.50498338870432
            }
        },
        "y_true": [
            0.0,
            0.0,
            1.0,
            0.0,
            0.0,
            1.0,
            1.0,
            1.0,
            0.0,
            0.0,
            1.0,
            1.0,
            1.0,
            0.0,
            0.0,
            0.0,
            1.0,
            1.0,
            0.0,
            0.0,
            0.0,
            1.0,
            0.0,
            1.0,
            0.0,
            1.0,
            0.0,
            1.0,
            0.0,
            1.0,
            1.0,
            0.0,
            0.0,
            1.0,
            1.0,
            1.0,
            1.0,
            0.0,
            1.0,
            0.0,
            0.0,
            0.0,
            0.0,
            1.0,
            0.0,
            0.0,
            1.0,
            1.0,
            1.0,
            1.0,
            1.0,
            1.0,
            0.0,
            0.0,
            1.0,
            1.0,
            1.0,
            0.0,
            0.0,
            1.0,
            0.0,
            1.0,
            0.0,
            1.0,
            1.0,
            1.0,
            0.0,
            1.0,
            1.0,
            1.0,
            1.0,
            1.0,
            1.0,
            0.0,
            0.0,
            0.0,
            1.0,
            1.0,
            0.0,
            0.0,
            0.0,
            0.0,
            1.0,
            1.0,
            1.0,
            0.0,
            0.0,
            1.0,
            1.0,
            0.0,
            0.0,
            1.0,
            0.0,
            0.0,
            0.0,
            1.0,
            0.0,
            0.0,
            1.0,
            0.0,
            0.0,
            1.0,
            0.0,
            1.0,
            1.0,
            0.0,
            0.0,
            1.0,
            1.0,
            0.0,
            0.0,
            1.0,
            1.0,
            1.0,
            1.0,
            0.0,
            0.0,
            0.0,
            1.0,
            0.0,
            1.0,
            1.0,
            1.0,
            0.0,
            1.0,
            0.0,
            0.0,
            0.0,
            0.0,
            0.0,
            0.0,
            0.0,
            0.0,
            0.0,
            1.0,
            0.0,
            1.0,
            0.0,
            0.0,
            1.0,
            0.0,
            1.0,
            1.0,
            1.0,
            1.0,
            0.0,
            0.0,
            1.0,
            0.0,
            0.0,
            0.0,
            1.0,
            0.0,
            1.0,
            0.0,
            0.0,
            1.0,
            1.0,
            0.0,
            0.0,
            0.0,
            1.0,
            1.0,
            0.0,
            1.0,
            1.0,
            1.0,
            0.0,
            1.0,
            1.0,
            0.0,
            1.0,
            1.0,
            1.0,
            1.0,
            1.0,
            1.0,
            0.0,
            1.0,
            0.0,
            1.0,
            0.0,
            1.0,
            1.0,
            1.0,
            1.0,
            1.0,
            1.0,
            1.0,
            0.0,
            0.0,
            1.0,
            0.0,
            0.0,
            0.0,
            0.0,
            1.0,
            1.0,
            1.0,
            0.0,
            0.0,
            0.0,
            1.0,
            0.0,
            1.0,
            0.0,
            0.0,
            0.0,
            1.0,
            0.0,
            1.0,
            0.0,
            0.0,
            1.0,
            0.0,
            1.0,
            1.0,
            1.0,
            0.0,
            0.0,
            0.0,
            0.0,
            0.0,
            0.0,
            1.0,
            0.0,
            1.0,
            0.0,
            0.0,
            1.0,
            0.0,
            0.0,
            0.0,
            0.0,
            1.0,
            1.0,
            0.0,
            0.0,
            1.0,
            0.0,
            0.0,
            0.0,
            1.0,
            0.0,
            1.0,
            1.0,
            0.0,
            1.0,
            0.0,
            0.0,
            0.0,
            1.0,
            1.0,
            0.0,
            0.0,
            0.0,
            0.0,
            1.0,
            0.0,
            0.0,
            1.0,
            1.0,
            1.0,
            0.0,
            0.0,
            0.0,
            1.0,
            0.0,
            0.0,
            1.0,
            1.0,
            1.0,
            1.0,
            1.0,
            1.0,
            0.0,
            0.0,
            0.0,
            1.0,
            0.0,
            0.0,
            0.0,
            0.0,
            0.0,
            0.0,
            1.0,
            1.0,
            0.0,
            1.0,
            0.0,
            1.0,
            0.0,
            1.0,
            1.0,
            0.0,
            1.0,
            0.0,
            1.0,
            1.0,
            1.0,
            1.0
        ],