{
    "score": 1.0,
    "mse": 0.0,
    "test_score": 0.5238095238095238,
    "test_mse": 0.47619047619047616,
    "test_score_7": 0.5714285714285714,
    "test_mse_7": 0.42857142857142855,
    "train_report": {
        "0.0": {
            "precision": 1.0,
            "recall": 1.0,
            "f1-score": 1.0,
            "support": 25
        },
        "1.0": {
            "precision": 1.0,
            "recall": 1.0,
            "f1-score": 1.0,
            "support": 23
        },
        "accuracy": 1.0,
        "macro avg": {
            "precision": 1.0,
            "recall": 1.0,
            "f1-score": 1.0,
            "support": 48
        },
        "weighted avg": {
            "precision": 1.0,
            "recall": 1.0,
            "f1-score": 1.0,
            "support": 48
        }
    },
    "test_report": {
        "0.0": {
            "precision": 0.5,
            "recall": 0.5,
            "f1-score": 0.5,
            "support": 10
        },
        "1.0": {
            "precision": 0.5454545454545454,
            "recall": 0.5454545454545454,
            "f1-score": 0.5454545454545454,
            "support": 11
        },
        "accuracy": 0.5238095238095238,
        "macro avg": {
            "precision": 0.5227272727272727,
            "recall": 0.5227272727272727,
            "f1-score": 0.5227272727272727,
            "support": 21
        },
        "weighted avg": {
            "precision": 0.5238095238095238,
            "recall": 0.5238095238095238,
            "f1-score": 0.5238095238095238,
            "support": 21
        }
    },
    "training_set": {
        "features": 63,
        "records": 48,
        "class_distribution": {
            "0.0": {
                "count": 25,
                "pct": 52.083333333333336
            },
            "1.0": {
                "count": 23,
                "pct": 47.91666666666667
            }
        },
        "y_true": [
            0.0,
            0.0,
            1.0,
            0.0,
            0.0,
            1.0,
            0.0,
            0.0,
            0.0,
            0.0,
            1.0,
            1.0,
            1.0,
            1.0,
            0.0,
            0.0,
            0.0,
            1.0,
            0.0,
            1.0,
            0.0,
            0.0,
            1.0,
            0.0,
            1.0,
            1.0,
            0.0,
            1.0,
            1.0,
            1.0,
            1.0,
            1.0,
            0.0,
            1.0,
            1.0,
            0.0,
            0.0,
            1.0,
            1.0,
            0.0,
            0.0,
            0.0,
            0.0,
            1.0,
            1.0,
            0.0,
            0.0,
            1.0
        ],
        "y_pred": [
            0.0,
            0.0,
            1.0,
            0.0,
            0.0,
            1.0,
            0.0,
            0.0,
            0.0,
            0.0,
            1.0,
            1.0,
            1.0,
            1.0,
            0.0,
            0.0,
            0.0,
            1.0,
            0.0,
            1.0,
            0.0,
            0.0,
            1.0,
            0.0,
            1.0,
            1.0,
            0.0,
            1.0,
            1.0,
            1.0,
            1.0,
            1.0,
            0.0,
            1.0,
            1.0,
            0.0,
            0.0,
            1.0,
            1.0,
            0.0,
            0.0,
            0.0,
            0.0,
            1.0,
            1.0,
            0.0,
            0.0,
            1.0
        ]
    },
    "test_set": {
        "features": 63,
        "records": 21,
        "class_distribution": {
            "1.0": {
                "count": 11,
                "pct": 52.38095238095239
            },
            "0.0": {
                "count": 10,
                "pct": 47.61904761904761
            }
        },
        "y_true": [
            1.0,
            0.0,
            1.0,
            1.0,
            1.0,
            1.0,
            0.0,
            1.0,
            1.0,
            0.0,
            0.0,
            0.0,
            1.0,
            0.0,
            1.0,
            0.0,
            1.0,
            0.0,
            1.0,
            0.0,
            0.0
        ],
        "y_pred": [
            0.0,
            0.0,
            1.0,
            1.0,
            0.0,
            1.0,
            1.0,
            0.0,
            1.0,
            0.0,
            1.0,
            1.0,
            1.0,
            1.0,
            0.0,
            0.0,
            0.0,
            0.0,
            1.0,
            1.0,
            0.0
        ]
    }
}