{
    "score": 0.5263157894736842,
    "mse": 0.47368421052631576,
    "test_score": 0.49122807017543857,
    "test_mse": 0.5087719298245614,
    "test_score_7": 0.42857142857142855,
    "test_mse_7": 0.5714285714285714,
    "train_report": {
        "0.0": {
            "precision": 0.0,
            "recall": 0.0,
            "f1-score": 0.0,
            "support": 63
        },
        "1.0": {
            "precision": 0.5263157894736842,
            "recall": 1.0,
            "f1-score": 0.6896551724137931,
            "support": 70
        },
        "accuracy": 0.5263157894736842,
        "macro avg": {
            "precision": 0.2631578947368421,
            "recall": 0.5,
            "f1-score": 0.3448275862068966,
            "support": 133
        },
        "weighted avg": {
            "precision": 0.27700831024930744,
            "recall": 0.5263157894736842,
            "f1-score": 0.3629764065335754,
            "support": 133
        }
    },
    "test_report": {
        "0.0": {
            "precision": 0.0,
            "recall": 0.0,
            "f1-score": 0.0,
            "support": 29
        },
        "1.0": {
            "precision": 0.49122807017543857,
            "recall": 1.0,
            "f1-score": 0.6588235294117647,
            "support": 28
        },
        "accuracy": 0.49122807017543857,
        "macro avg": {
            "precision": 0.24561403508771928,
            "recall": 0.5,
            "f1-score": 0.32941176470588235,
            "support": 57
        },
        "weighted avg": {
            "precision": 0.24130501692828563,
            "recall": 0.49122807017543857,
            "f1-score": 0.32363261093911244,
            "support": 57
        }
    },
    "training_set": {
        "features": 63,
        "records": 133,
        "class_distribution": {
            "0.0": {
                "count": 63,
                "pct": 47.368421052631575
            },
            "1.0": {
                "count": 70,
                "pct": 52.63157894736842
            }
        },
        "y_true": [
            0.0,
            1.0,
            0.0,
            1.0,
            1.0,
            0.0,
            1.0,
            0.0,
            1.0,
            0.0,
            0.0,
            1.0,
            0.0,
            0.0,
            0.0,
            1.0,
            0.0,
            1.0,
            1.0,
            1.0,
            1.0,
            1.0,
            0.0,
            0.0,
            0.0,
            1.0,
            0.0,
            0.0,
            1.0,
            0.0,
            0.0,
            1.0,
            1.0,
            1.0,
            0.0,
            0.0,
            0.0,
            0.0,
            0.0,
            0.0,
            1.0,
            0.0,
            0.0,
            0.0,
            1.0,
            0.0,
            0.0,
            1.0,
            0.0,
            0.0,
            1.0,
            1.0,
            1.0,
            0.0,
            1.0,
            0.0,
            1.0,
            0.0,
            1.0,
            1.0,
            1.0,
            1.0,
            1.0,
            1.0,
            0.0,
            0.0,
            1.0,
            1.0,
            0.0,
            0.0,
            1.0,
            0.0,
            1.0,
            0.0,
            0.0,
            1.0,
            1.0,
            0.0,
            0.0,
            1.0,
            1.0,
            1.0,
            1.0,
            0.0,
            1.0,
            1.0,
            1.0,
            1.0,
            0.0,
            1.0,
            0.0,
            0.0,
            0.0,
            1.0,
            0.0,
            1.0,
            1.0,
            1.0,
            1.0,
            0.0,
            1.0,
            1.0,
            1.0,
            1.0,
            0.0,
            0.0,
            0.0,
            0.0,
            1.0,
            1.0,
            0.0,
            1.0,
            0.0,
            1.0,
            0.0,
            0.0,
            1.0,
            1.0,
            0.0,
            0.0,
            1.0,
            0.0,
            1.0,
            0.0,
            1.0,
            0.0,
            1.0,
            1.0,
            1.0,
            1.0,
            0.0,
            1.0,
            1.0
        ],
        "y_pred": [
            1.0,
            1.0,
            1.0,
            1.0,
            1.0,
            1.0,
            1.0,
            1.0,
            1.0,
            1.0,
            1.0,
            1.0,
            1.0,
            1.0,
            1.0,
            1.0,
            1.0,
            1.0,
            1.0,
            1.0,
            1.0,
            1.0,
            1.0,
            1.0,
            1.0,
            1.0,
            1.0,
            1.0,
            1.0,
            1.0,
            1.0,
            1.0,
            1.0,
            1.0,
            1.0,
            1.0,
            1.0,
            1.0,
            1.0,
            1.0,
            1.0,
            1.0,
            1.0,
            1.0,
            1.0,
            1.0,
            1.0,
            1.0,
            1.0,
            1.0,
            1.0,
            1.0,
            1.0,
            1.0,
            1.0,
            1.0,
            1.0,
            1.0,
            1.0,
            1.0,
            1.0,
            1.0,
            1.0,
            1.0,
            1.0,
            1.0,
            1.0,
            1.0,
            1.0,
            1.0,
            1.0,
            1.0,
            1.0,
            1.0,
            1.0,
            1.0,
            1.0,
            1.0,
            1.0,
            1.0,
            1.0,
            1.0,
            1.0,
            1.0,
            1.0,
            1.0,
            1.0,
            1.0,
            1.0,
            1.0,
            1.0,
            1.0,
            1.0,
            1.0,
            1.0,
            1.0,
            1.0,
            1.0,
            1.0,
            1.0,
            1.0,
            1.0,
            1.0,
            1.0,
            1.0,
            1.0,
            1.0,
            1.0,
            1.0,
            1.0,
            1.0,
            1.0,
            1.0,
            1.0,
            1.0,
            1.0,
            1.0,
            1.0,
            1.0,
            1.0,
            1.0,
            1.0,
            1.0,
            1.0,
            1.0,
            1.0,
            1.0,
            1.0,
            1.0,
            1.0,
            1.0,
            1.0,
            1.0
        ]
    },
    "test_set": {
        "features": 63,
        "records": 57,
        "class_distribution": {
            "1.0": {
                "count": 28,
                "pct": 49.122807017543856
            },
            "0.0": {
                "count": 29,
                "pct": 50.877192982456144
            }
        },
        "y_true": [
            1.0,
            0.0,
            0.0,
            1.0,
            0.0,
            1.0,
            0.0,
            0.0,
            0.0,
            0.0,
            0.0,
            1.0,
            0.0,
            0.0,
            0.0,
            1.0,
            0.0,
            1.0,
            0.0,
            0.0,
            0.0,
            1.0,
            1.0,
            1.0,
            0.0,
            1.0,
            0.0,
            0.0,
            1.0,
            0.0,
            0.0,
            1.0,
            1.0,
            1.0,
            0.0,
            1.0,
            1.0,
            0.0,
            0.0,
            0.0,
            1.0,
            1.0,
            1.0,
            1.0,
            1.0,
            1.0,
            1.0,
            1.0,
            1.0,
            0.0,
            1.0,
            0.0,
            1.0,
            0.0,
            1.0,
            0.0,
            0.0
        ],