{
    "score": 0.7053571428571429,
    "mse": 0.29464285714285715,
    "test_score": 0.4895833333333333,
    "test_mse": 0.5104166666666666,
    "test_score_7": 0.7142857142857143,
    "test_mse_7": 0.2857142857142857,
    "train_report": {
        "0.0": {
            "precision": 0.5789473684210527,
            "recall": 0.7857142857142857,
            "f1-score": 0.6666666666666667,
            "support": 84
        },
        "1.0": {
            "precision": 0.8363636363636363,
            "recall": 0.6571428571428571,
            "f1-score": 0.736,
            "support": 140
        },
        "accuracy": 0.7053571428571429,
        "macro avg": {
            "precision": 0.7076555023923445,
            "recall": 0.7214285714285714,
            "f1-score": 0.7013333333333334,
            "support": 224
        },
        "weighted avg": {
            "precision": 0.7398325358851674,
            "recall": 0.7053571428571429,
            "f1-score": 0.71,
            "support": 224
        }
    },
    "test_report": {
        "0.0": {
            "precision": 0.49382716049382713,
            "recall": 0.8333333333333334,
            "f1-score": 0.6201550387596899,
            "support": 48
        },
        "1.0": {
            "precision": 0.4666666666666667,
            "recall": 0.14583333333333334,
            "f1-score": 0.22222222222222224,
            "support": 48
        },
        "accuracy": 0.4895833333333333,
        "macro avg": {
            "precision": 0.4802469135802469,
            "recall": 0.48958333333333337,
            "f1-score": 0.42118863049095606,
            "support": 96
        },
        "weighted avg": {
            "precision": 0.4802469135802469,
            "recall": 0.4895833333333333,
            "f1-score": 0.42118863049095606,
            "support": 96
        }
    },
    "training_set": {
        "features": 63,
        "records": 224,
        "class_distribution": {
            "1.0": {
                "count": 140,
                "pct": 62.5
            },
            "0.0": {
                "count": 84,
                "pct": 37.5
            }
        },
        "y_true": [
            1.0,
            1.0,
            1.0,
            1.0,
            1.0,
            1.0,
            1.0,
            1.0,
            1.0,
            1.0,
            1.0,
            1.0,
            1.0,
            1.0,
            1.0,
            1.0,
            1.0,
            1.0,
            1.0,
            1.0,
            1.0,
            1.0,
            1.0,
            1.0,
            1.0,
            1.0,
            1.0,
            1.0,
            1.0,
            1.0,
            1.0,
            1.0,
            1.0,
            1.0,
            1.0,
            1.0,
            1.0,
            1.0,
            1.0,
            1.0,
            1.0,
            1.0,
            1.0,
            1.0,
            1.0,
            1.0,
            1.0,
            1.0,
            1.0,
            1.0,
            1.0,
            1.0,
            1.0,
            1.0,
            1.0,
            1.0,
            1.0,
            0.0,
            0.0,
            1.0,
            0.0,
            1.0,
            1.0,
            1.0,
            0.0,
            0.0,
            1.0,
            0.0,
            1.0,
            1.0,
            0.0,
            0.0,
            0.0,
            0.0,
            1.0,
            1.0,
            0.0,
            0.0,
            0.0,
            0.0,
            1.0,
            1.0,
            1.0,
            1.0,
            1.0,
            0.0,
            0.0,
            0.0,
            0.0,
            1.0,
            1.0,
            1.0,
            1.0,
            0.0,
            1.0,
            0.0,
            1.0,
            1.0,
            0.0,
            0.0,
            1.0,
            0.0,
            0.0,
            0.0,
            1.0,
            0.0,
            1.0,
            1.0,
            0.0,
            1.0,
            1.0,
            1.0,
            0.0,
            1.0,
            0.0,
            0.0,
            0.0,
            1.0,
            1.0,
            0.0,
            1.0,
            1.0,
            1.0,
            1.0,
            1.0,
            0.0,
            1.0,
            1.0,
            0.0,
            1.0,
            0.0,
            1.0,
            1.0,
            1.0,
            0.0,
            1.0,
            0.0,
            1.0,
            1.0,
            1.0,
            1.0,
            1.0,
            0.0,
            1.0,
            0.0,
            0.0,
            1.0,
            1.0,
            0.0,
            0.0,
            0.0,
            1.0,
            1.0,
            0.0,
            1.0,
            1.0,
            1.0,
            1.0,
            1.0,
            1.0,
            0.0,
            0.0,
            0.0,
            1.0,
            0.0,
            0.0,
            0.0,
            0.0,
            1.0,
            0.0,
            0.0,
            1.0,
            0.0,
            0.0,
            1.0,
            0.0,
            1.0,
            1.0,
            0.0,
            0.0,
            1.0,
            0.0,
            1.0,
            1.0,
            0.0,
            1.0,
            0.0,
            1.0,
            1.0,
            0.0,
            0.0,
            1.0,
            0.0,
            1.0,
            0.0,
            0.0,
            0.0,
            1.0,
            0.0,
            0.0,
            1.0,
            1.0,
            1.0,
            0.0,
            0.0,
            1.0,
            0.0,
            1.0,
            1.0,
            1.0,
            0.0,
            0.0,
            1.0,
            0.0,
            1.0,
            0.0,
            0.0,
            0.0,
            0.0,
            0.0,
            0.0,
            0.0,
            0.0,
            0.0
        ],